{
    "rmse": 1.9918718725502726,
    "mae": 1.676862935476211,
    "r2": 0.0003816867469088603
}